Locus Tag,Forward Gene,Shine Dalgarno,P1,P2
JCVISYN3A_0001,1,1,1,0
JCVISYN3A_0002,1,1,1,0
JCVISYN3A_0003,1,0,0,0
JCVISYN3A_0004,1,0,0,0
JCVISYN3A_0005,1,1,0,0
JCVISYN3A_0006,1,1,0,0
JCVISYN3A_0007,1,0,0,0
JCVISYN3A_0008,0,1,0,0
JCVISYN3A_0009,0,1,0,0
JCVISYN3A_0010,0,1,0,0
JCVISYN3A_0011,0,0,0,0
JCVISYN3A_0012,0,1,1,0
JCVISYN3A_0918,0,0,0,0
JCVISYN3A_0913,1,1,0,0
JCVISYN3A_0025,0,0,0,0
JCVISYN3A_0026,0,1,0,0
JCVISYN3A_0027,0,1,0,0
JCVISYN3A_0029,1,1,1,0
JCVISYN3A_0030,0,1,1,0
JCVISYN3A_0033,0,0,0,0
JCVISYN3A_0034,1,0,0,0
JCVISYN3A_0039,0,1,0,0
JCVISYN3A_0040,0,0,0,0
JCVISYN3A_0042,0,1,0,0
JCVISYN3A_0043,0,0,0,0
JCVISYN3A_0044,0,0,0,0
JCVISYN3A_0045,0,1,0,0
JCVISYN3A_0046,0,0,0,0
JCVISYN3A_0047,0,1,1,0
JCVISYN3A_0049,0,0,0,0
JCVISYN3A_0054,0,1,0,0
JCVISYN3A_0060,1,1,1,0
JCVISYN3A_0061,1,1,1,0
JCVISYN3A_0063,1,1,1,0
JCVISYN3A_0064,1,1,0,0
JCVISYN3A_0065,0,1,1,0
JCVISYN3A_0066,0,1,1,0
JCVISYN3A_0067,0,0,0,0
JCVISYN3A_0068,0,0,0,0
JCVISYN3A_0069,0,0,0,0
JCVISYN3A_0070,0,0,0,0
JCVISYN3A_0071,0,0,0,0
JCVISYN3A_0076,0,1,0,0
JCVISYN3A_0077,0,1,0,0
JCVISYN3A_0079,0,1,0,0
JCVISYN3A_0080,0,1,1,0
JCVISYN3A_0081,1,0,0,0
JCVISYN3A_0082,0,1,0,0
JCVISYN3A_0094,0,1,0,0
JCVISYN3A_0095,0,1,1,0
JCVISYN3A_0097,1,1,1,0
JCVISYN3A_0105,0,1,0,0
JCVISYN3A_0106,0,0,0,0
JCVISYN3A_0107,0,1,0,0
JCVISYN3A_0108,0,1,0,0
JCVISYN3A_0109,0,1,0,0
JCVISYN3A_0113,1,1,1,0
JCVISYN3A_0114,0,1,0,0
JCVISYN3A_0115,0,1,0,0
JCVISYN3A_0116,0,1,1,0
JCVISYN3A_0117,1,1,1,0
JCVISYN3A_0126,1,1,1,0
JCVISYN3A_0127,1,1,0,0
JCVISYN3A_0128,1,0,0,0
JCVISYN3A_0129,1,1,1,0
JCVISYN3A_0131,1,1,1,0
JCVISYN3A_0132,1,0,0,0
JCVISYN3A_0133,1,1,0,0
JCVISYN3A_0137,1,1,0,0
JCVISYN3A_0138,1,1,1,1
JCVISYN3A_0139,1,1,0,0
JCVISYN3A_0140,1,1,0,0
JCVISYN3A_0141,1,1,0,0
JCVISYN3A_0142,1,0,0,0
JCVISYN3A_0143,1,1,0,0
JCVISYN3A_0144,1,1,0,0
JCVISYN3A_0145,1,1,0,0
JCVISYN3A_0146,1,0,0,0
JCVISYN3A_0147,1,1,0,0
JCVISYN3A_0148,1,1,0,0
JCVISYN3A_0149,1,1,0,0
JCVISYN3A_0150,1,1,0,0
JCVISYN3A_0151,1,1,0,0
JCVISYN3A_0158,1,0,0,0
JCVISYN3A_0163,0,1,1,0
JCVISYN3A_0164,0,0,0,0
JCVISYN3A_0165,1,1,0,0
JCVISYN3A_0166,1,1,0,0
JCVISYN3A_0167,1,1,0,0
JCVISYN3A_0168,1,0,0,0
JCVISYN3A_0169,1,1,0,0
JCVISYN3A_0195,0,1,0,0
JCVISYN3A_0196,0,1,0,0
JCVISYN3A_0197,0,1,1,0
JCVISYN3A_0198,0,1,0,0
JCVISYN3A_0199,0,1,0,0
JCVISYN3A_0200,0,1,0,0
JCVISYN3A_0201,0,1,1,0
JCVISYN3A_0202,1,1,1,0
JCVISYN3A_0203,1,0,0,0
JCVISYN3A_0213,1,0,0,0
JCVISYN3A_0214,1,0,0,0
JCVISYN3A_0215,1,0,0,0
JCVISYN3A_0216,1,1,0,0
JCVISYN3A_0218,0,1,1,0
JCVISYN3A_0220,1,1,1,0
JCVISYN3A_0221,1,1,1,0
JCVISYN3A_0222,1,1,0,0
JCVISYN3A_0227,1,1,0,0
JCVISYN3A_0228,1,0,0,0
JCVISYN3A_0229,1,1,0,0
JCVISYN3A_0230,1,1,1,0
JCVISYN3A_0233,1,1,1,0
JCVISYN3A_0234,1,1,1,0
JCVISYN3A_0235,1,0,0,0
JCVISYN3A_0238,0,1,0,0
JCVISYN3A_0239,1,1,1,0
JCVISYN3A_0240,1,0,0,0
JCVISYN3A_0247,0,1,0,0
JCVISYN3A_0248,0,1,0,0
JCVISYN3A_0249,0,0,0,0
JCVISYN3A_0250,0,1,1,0
JCVISYN3A_0253,0,1,1,0
JCVISYN3A_0254,0,0,0,0
JCVISYN3A_0257,0,1,1,0
JCVISYN3A_0259,0,1,1,0
JCVISYN3A_0260,0,1,1,0
JCVISYN3A_0262,0,0,0,0
JCVISYN3A_0263,0,0,0,0
JCVISYN3A_0264,0,1,0,0
JCVISYN3A_0270,1,1,1,0
JCVISYN3A_0271,1,1,1,0
JCVISYN3A_0280,1,0,0,0
JCVISYN3A_0281,1,1,1,0
JCVISYN3A_0282,1,0,0,0
JCVISYN3A_0283,1,0,0,0
JCVISYN3A_0285,1,1,0,0
JCVISYN3A_0286,1,1,1,0
JCVISYN3A_0287,0,1,1,0
JCVISYN3A_0288,0,1,1,0
JCVISYN3A_0289,1,1,1,0
JCVISYN3A_0290,1,0,0,0
JCVISYN3A_0291,1,1,1,0
JCVISYN3A_0294,1,1,0,0
JCVISYN3A_0295,1,0,0,0
JCVISYN3A_0296,1,0,0,0
JCVISYN3A_0297,0,1,0,0
JCVISYN3A_0298,0,0,0,0
JCVISYN3A_0299,0,0,0,0
JCVISYN3A_0300,0,1,0,0
JCVISYN3A_0301,0,1,0,0
JCVISYN3A_0302,0,0,0,0
JCVISYN3A_0303,0,1,1,0
JCVISYN3A_0304,0,0,0,0
JCVISYN3A_0305,0,1,1,0
JCVISYN3A_0308,1,1,0,0
JCVISYN3A_0314,1,1,1,0
JCVISYN3A_0315,1,1,1,0
JCVISYN3A_0316,1,1,0,0
JCVISYN3A_0317,1,0,0,0
JCVISYN3A_0325,1,0,0,0
JCVISYN3A_0326,1,0,0,0
JCVISYN3A_0327,1,0,0,0
JCVISYN3A_0328,1,1,0,0
JCVISYN3A_0329,1,1,0,0
JCVISYN3A_0330,1,1,0,0
JCVISYN3A_0332,1,0,0,0
JCVISYN3A_0338,1,1,0,0
JCVISYN3A_0344,0,1,1,0
JCVISYN3A_0345,1,0,0,0
JCVISYN3A_0346,1,0,0,0
JCVISYN3A_0347,1,1,0,0
JCVISYN3A_0348,1,0,0,0
JCVISYN3A_0350,1,0,0,0
JCVISYN3A_0352,1,1,0,0
JCVISYN3A_0353,1,1,1,0
JCVISYN3A_0356,1,0,0,0
JCVISYN3A_0359,1,0,0,0
JCVISYN3A_0360,1,1,1,0
JCVISYN3A_0361,1,0,0,0
JCVISYN3A_0362,1,1,0,0
JCVISYN3A_0363,1,0,0,0
JCVISYN3A_0364,1,1,0,0
JCVISYN3A_0365,1,1,0,0
JCVISYN3A_0366,1,0,0,0
JCVISYN3A_0371,1,1,1,0
JCVISYN3A_0372,1,1,0,0
JCVISYN3A_0373,1,1,0,0
JCVISYN3A_0374,1,0,0,0
JCVISYN3A_0375,1,0,0,0
JCVISYN3A_0376,1,0,0,0
JCVISYN3A_0377,1,0,0,0
JCVISYN3A_0378,1,1,0,0
JCVISYN3A_0379,1,0,0,0
JCVISYN3A_0380,1,0,0,0
JCVISYN3A_0381,1,0,0,0
JCVISYN3A_0382,1,0,0,0
JCVISYN3A_0387,1,0,0,0
JCVISYN3A_0388,1,0,0,0
JCVISYN3A_0389,1,0,0,0
JCVISYN3A_0390,1,1,0,0
JCVISYN3A_0391,1,1,1,0
JCVISYN3A_0392,1,1,0,0
JCVISYN3A_0394,1,1,0,0
JCVISYN3A_0398,0,1,1,0
JCVISYN3A_0399,1,1,0,0
JCVISYN3A_0400,1,1,1,1
JCVISYN3A_0401,1,0,0,0
JCVISYN3A_0402,1,1,1,0
JCVISYN3A_0403,1,0,0,0
JCVISYN3A_0404,1,1,0,0
JCVISYN3A_0405,1,1,1,0
JCVISYN3A_0406,1,1,0,0
JCVISYN3A_0407,1,1,0,0
JCVISYN3A_0408,1,1,0,0
JCVISYN3A_0409,1,0,0,0
JCVISYN3A_0410,1,0,0,0
JCVISYN3A_0411,1,1,0,0
JCVISYN3A_0412,1,1,0,0
JCVISYN3A_0413,1,0,0,0
JCVISYN3A_0414,1,1,1,0
JCVISYN3A_0415,0,1,1,0
JCVISYN3A_0416,0,1,0,0
JCVISYN3A_0418,0,1,0,0
JCVISYN3A_0419,0,1,0,0
JCVISYN3A_0420,0,0,0,0
JCVISYN3A_0421,0,0,0,0
JCVISYN3A_0422,1,1,0,0
JCVISYN3A_0423,1,0,0,0
JCVISYN3A_0424,1,0,0,0
JCVISYN3A_0425,1,1,1,0
JCVISYN3A_0426,1,0,0,0
JCVISYN3A_0427,1,0,0,0
JCVISYN3A_0428,1,1,0,0
JCVISYN3A_0429,1,1,1,0
JCVISYN3A_0430,1,0,0,0
JCVISYN3A_0431,1,1,0,0
JCVISYN3A_0432,1,1,0,0
JCVISYN3A_0433,1,1,1,0
JCVISYN3A_0434,1,0,0,0
JCVISYN3A_0435,1,0,0,0
JCVISYN3A_0437,1,0,0,0
JCVISYN3A_0438,0,0,0,0
JCVISYN3A_0439,0,1,0,0
JCVISYN3A_0440,0,1,1,0
JCVISYN3A_0441,1,1,1,0
JCVISYN3A_0442,1,0,0,0
JCVISYN3A_0443,1,0,0,0
JCVISYN3A_0444,1,1,0,0
JCVISYN3A_0445,1,1,1,0
JCVISYN3A_0447,1,1,0,0
JCVISYN3A_0448,1,1,0,0
JCVISYN3A_0451,1,1,1,0
JCVISYN3A_0452,1,1,1,0
JCVISYN3A_0453,1,0,0,0
JCVISYN3A_0475,0,1,1,0
JCVISYN3A_0478,0,0,0,0
JCVISYN3A_0479,0,0,0,0
JCVISYN3A_0481,0,0,0,0
JCVISYN3A_0482,1,1,1,0
JCVISYN3A_0154,1,1,0,0
JCVISYN3A_0493,0,1,0,0
JCVISYN3A_0494,0,0,0,0
JCVISYN3A_0495,0,0,0,0
JCVISYN3A_0499,0,1,0,0
JCVISYN3A_0500,0,0,0,0
JCVISYN3A_0501,0,1,0,0
JCVISYN3A_0503,0,1,0,0
JCVISYN3A_0504,0,1,1,0
JCVISYN3A_0930,0,0,0,0
JCVISYN3A_0505,1,1,1,0
JCVISYN3A_0506,0,0,0,0
JCVISYN3A_0507,0,0,0,0
JCVISYN3A_0508,0,0,0,0
JCVISYN3A_0509,0,0,0,0
JCVISYN3A_0510,0,1,1,0
JCVISYN3A_0511,0,0,0,0
JCVISYN3A_0512,0,0,0,0
JCVISYN3A_0513,0,0,0,0
JCVISYN3A_0515,0,0,0,0
JCVISYN3A_0516,0,0,0,0
JCVISYN3A_0517,0,0,0,0
JCVISYN3A_0518,0,1,0,0
JCVISYN3A_0519,0,1,0,0
JCVISYN3A_0520,0,0,0,0
JCVISYN3A_0521,0,1,1,0
JCVISYN3A_0522,0,0,0,0
JCVISYN3A_0523,0,1,0,0
JCVISYN3A_0524,0,1,0,0
JCVISYN3A_0525,0,1,0,0
JCVISYN3A_0526,0,1,1,0
JCVISYN3A_0527,0,0,0,0
JCVISYN3A_0528,0,1,0,0
JCVISYN3A_0529,0,0,0,0
JCVISYN3A_0530,0,1,1,0
JCVISYN3A_0532,0,0,0,0
JCVISYN3A_0533,0,0,0,0
JCVISYN3A_0534,0,0,0,0
JCVISYN3A_0535,0,0,0,0
JCVISYN3A_0536,0,1,0,0
JCVISYN3A_0537,0,1,1,0
JCVISYN3A_0538,0,0,0,0
JCVISYN3A_0539,0,1,0,0
JCVISYN3A_0540,0,0,0,0
JCVISYN3A_0541,0,0,0,0
JCVISYN3A_0542,0,1,0,0
JCVISYN3A_0543,0,1,0,0
JCVISYN3A_0544,0,0,0,0
JCVISYN3A_0545,0,1,0,0
JCVISYN3A_0548,0,1,1,0
JCVISYN3A_0549,0,1,1,0
JCVISYN3A_0931,1,0,0,0
JCVISYN3A_0592,0,0,0,0
JCVISYN3A_0593,0,0,0,0
JCVISYN3A_0599,0,1,1,0
JCVISYN3A_0600,1,1,0,0
JCVISYN3A_0601,1,1,1,0
JCVISYN3A_0604,1,1,0,0
JCVISYN3A_0605,1,0,0,0
JCVISYN3A_0606,0,1,0,0
JCVISYN3A_0607,0,0,0,0
JCVISYN3A_0608,0,0,0,0
JCVISYN3A_0609,0,1,0,0
JCVISYN3A_0610,0,1,0,0
JCVISYN3A_0611,0,1,0,0
JCVISYN3A_0612,0,1,1,0
JCVISYN3A_0613,0,1,0,0
JCVISYN3A_0614,0,1,1,0
JCVISYN3A_0615,0,1,1,0
JCVISYN3A_0616,1,0,0,0
JCVISYN3A_0617,1,0,0,0
JCVISYN3A_0618,0,0,0,0
JCVISYN3A_0619,0,0,0,0
JCVISYN3A_0620,0,1,0,0
JCVISYN3A_0621,0,0,0,0
JCVISYN3A_0622,0,0,0,0
JCVISYN3A_0623,0,1,0,0
JCVISYN3A_0624,0,0,0,0
JCVISYN3A_0634,0,1,0,0
JCVISYN3A_0635,0,0,0,0
JCVISYN3A_0636,0,1,1,0
JCVISYN3A_0637,0,1,0,0
JCVISYN3A_0638,0,1,0,0
JCVISYN3A_0639,0,0,0,0
JCVISYN3A_0640,0,0,0,0
JCVISYN3A_0641,0,1,1,0
JCVISYN3A_0642,0,0,0,0
JCVISYN3A_0643,0,0,0,0
JCVISYN3A_0644,0,1,0,0
JCVISYN3A_0645,0,1,0,0
JCVISYN3A_0646,0,1,0,0
JCVISYN3A_0647,0,1,0,0
JCVISYN3A_0648,0,1,0,0
JCVISYN3A_0649,0,0,0,0
JCVISYN3A_0650,0,1,0,0
JCVISYN3A_0651,0,1,1,0
JCVISYN3A_0652,0,1,0,0
JCVISYN3A_0653,0,1,0,0
JCVISYN3A_0654,0,0,0,0
JCVISYN3A_0655,0,1,0,0
JCVISYN3A_0656,0,1,0,0
JCVISYN3A_0657,0,1,0,0
JCVISYN3A_0658,0,1,0,0
JCVISYN3A_0659,0,1,0,0
JCVISYN3A_0660,0,1,0,0
JCVISYN3A_0661,0,1,1,0
JCVISYN3A_0662,0,1,0,0
JCVISYN3A_0663,0,1,0,0
JCVISYN3A_0664,0,1,0,0
JCVISYN3A_0665,0,1,0,0
JCVISYN3A_0666,0,1,0,0
JCVISYN3A_0667,0,1,0,0
JCVISYN3A_0668,0,0,0,0
JCVISYN3A_0669,0,1,0,0
JCVISYN3A_0670,0,1,0,0
JCVISYN3A_0671,0,1,0,0
JCVISYN3A_0672,0,1,0,0
JCVISYN3A_0678,0,0,0,0
JCVISYN3A_0679,0,0,0,0
JCVISYN3A_0680,0,0,0,0
JCVISYN3A_0681,0,0,0,0
JCVISYN3A_0684,0,1,0,0
JCVISYN3A_0685,0,1,1,0
JCVISYN3A_0686,1,0,0,0
JCVISYN3A_0687,0,1,0,0
JCVISYN3A_0688,0,0,0,0
JCVISYN3A_0689,0,1,1,0
JCVISYN3A_0690,0,1,0,0
JCVISYN3A_0691,0,1,0,0
JCVISYN3A_0692,0,0,0,0
JCVISYN3A_0693,0,0,0,0
JCVISYN3A_0694,0,1,1,0
JCVISYN3A_0695,0,0,0,0
JCVISYN3A_0696,0,0,0,0
JCVISYN3A_0697,0,0,0,0
JCVISYN3A_0706,0,1,0,0
JCVISYN3A_0707,0,0,0,0
JCVISYN3A_0708,0,1,0,0
JCVISYN3A_0710,0,0,0,0
JCVISYN3A_0717,1,0,0,0
JCVISYN3A_0718,1,0,0,0
JCVISYN3A_0719,1,0,0,0
JCVISYN3A_0720,1,0,0,0
JCVISYN3A_0721,1,0,0,0
JCVISYN3A_0722,1,0,0,0
JCVISYN3A_0723,1,0,0,0
JCVISYN3A_0724,1,1,0,0
JCVISYN3A_0725,1,1,0,0
JCVISYN3A_0726,1,1,1,0
JCVISYN3A_0727,1,0,0,0
JCVISYN3A_0728,1,1,0,0
JCVISYN3A_0729,1,1,0,0
JCVISYN3A_0730,1,1,1,0
JCVISYN3A_0732,0,0,0,0
JCVISYN3A_0733,0,1,1,0
JCVISYN3A_0747,1,1,0,0
JCVISYN3A_0771,0,1,0,0
JCVISYN3A_0772,0,1,0,0
JCVISYN3A_0773,0,1,1,0
JCVISYN3A_0774,1,1,0,0
JCVISYN3A_0775,1,1,0,0
JCVISYN3A_0776,1,1,0,0
JCVISYN3A_0777,1,0,0,0
JCVISYN3A_0778,1,1,0,0
JCVISYN3A_0779,1,1,0,0
JCVISYN3A_0787,0,1,0,0
JCVISYN3A_0789,0,0,0,0
JCVISYN3A_0790,0,1,0,0
JCVISYN3A_0791,0,0,0,0
JCVISYN3A_0792,0,1,0,0
JCVISYN3A_0793,0,0,0,0
JCVISYN3A_0794,0,1,0,0
JCVISYN3A_0795,0,1,0,0
JCVISYN3A_0796,0,1,0,0
JCVISYN3A_0797,0,1,0,0
JCVISYN3A_0798,0,1,0,0
JCVISYN3A_0799,0,0,0,0
JCVISYN3A_0800,0,1,1,0
JCVISYN3A_0803,0,0,0,0
JCVISYN3A_0804,0,1,0,0
JCVISYN3A_0805,0,1,0,0
JCVISYN3A_0806,0,1,0,0
JCVISYN3A_0807,0,1,0,0
JCVISYN3A_0809,0,1,0,0
JCVISYN3A_0810,0,1,1,0
JCVISYN3A_0813,1,1,0,0
JCVISYN3A_0814,1,1,1,0
JCVISYN3A_0817,0,1,1,0
JCVISYN3A_0818,0,1,1,0
JCVISYN3A_0819,0,0,0,0
JCVISYN3A_0820,0,0,0,0
JCVISYN3A_0821,0,1,1,0
JCVISYN3A_0822,0,0,0,0
JCVISYN3A_0823,0,0,0,0
JCVISYN3A_0824,0,1,0,0
JCVISYN3A_0825,0,1,0,0
JCVISYN3A_0826,1,0,0,0
JCVISYN3A_0827,1,1,0,0
JCVISYN3A_0828,1,0,0,0
JCVISYN3A_0830,1,1,1,0
JCVISYN3A_0831,1,1,0,0
JCVISYN3A_0832,1,1,1,0
JCVISYN3A_0833,1,0,0,0
JCVISYN3A_0834,1,1,0,0
JCVISYN3A_0835,1,1,1,0
JCVISYN3A_0836,1,0,0,0
JCVISYN3A_0837,1,1,0,0
JCVISYN3A_0838,1,1,0,0
JCVISYN3A_0932,1,1,1,0
JCVISYN3A_0839,1,1,0,0
JCVISYN3A_0840,1,1,0,0
JCVISYN3A_0851,0,1,1,0
JCVISYN3A_0852,0,1,0,0
JCVISYN3A_0853,0,1,0,0
JCVISYN3A_0859,1,1,1,0
JCVISYN3A_0870,0,0,0,0
JCVISYN3A_0872,0,0,0,0
JCVISYN3A_0873,0,0,0,0
JCVISYN3A_0874,0,1,0,0
JCVISYN3A_0875,0,0,0,0
JCVISYN3A_0876,0,1,0,0
JCVISYN3A_0877,0,1,1,0
JCVISYN3A_0878,0,0,0,0
JCVISYN3A_0879,0,0,0,0
JCVISYN3A_0881,0,0,0,0
JCVISYN3A_0885,0,0,0,0
JCVISYN3A_0886,0,1,0,0
JCVISYN3A_0887,0,0,0,0
JCVISYN3A_0906,0,0,0,0
JCVISYN3A_0907,0,0,0,0
JCVISYN3A_0908,0,1,0,0
JCVISYN3A_0909,0,0,0,0
JCVISYN3A_0910,0,1,1,0
